pvs,pvs_duration,question,answer,correct,mos,arousal,valence,approach_avoidance,quest_duration
Animals_202_h_A.jpg,3.1069869995117,,,,1,,,,2.4999530315399
Landscapes_003_v_B.jpg,3.2662689685822,,,,2,,,,2.4308621883392
Animals_146_h_D.jpg,3.1112380027771,,,,3,,,,2.2513251304626
Landscapes_013_v_A.jpg,3.0751848220825,,,,4,,,,2.0962369441986
Landscapes_001_h_C.jpg,3.1355309486389,,,,5,,,,1.8518829345703
